Vendor,Tax ID,Address,City,Country
Volga Rivers,DE325476,Hoch Strasse 12,Koln,Germany
Maxitronic Limited,DE767565,Bingauer Strasse 45,Koln,Germany
In Advantage Technologies,IT754893,Via del Colosseo,Roma,Italy
Softing Company,IT145632,Via Longa 201,Rimini,Italy
Technology Lake,DE763212,Hauptbahnhoff Strasse 21,Stuttgart,Germany
Red Communications,RU567434,Pobeda Ulitsa 21,Moscow,Russia
Moretronic Intelligence,DE987564,Bauhaus Strasse 21,Munchen,Germany
IT Works,IT231232,Via Prossima 12,Torino,Italy
Microtronic Enterprise,IT213456,Via Alta 32,Roma,Italy
